week,published,module,title,link,category,source
2026-09-28,2026-09-28,totalcloud,The Developer is the New Perimeter: How Supply Chain Attacks Are Becoming Cloud Breaches,https://blog.qualys.com/vulnerabilities-threat-research/2026/09/28/developer-new-perimeter-supply-chain-cloud-breaches,Blog,Qualys Blog
2026-09-28,2026-09-28,public,The Developer is the New Perimeter: How Supply Chain Attacks Are Becoming Cloud Breaches,https://blog.qualys.com/vulnerabilities-threat-research/2026/09/28/developer-new-perimeter-supply-chain-cloud-breaches,Research & Threat Intel,Qualys Blog
2026-09-28,2026-09-23,pm,CISA BOD 26-04 Timelines for Three Linux Kernel CVEs,https://blog.qualys.com/product-tech/2026/09/23/cisa-bod-26-04-timelines-for-three-linux-kernel-cves,Blog,Qualys Blog
2026-09-28,2026-09-17,roc,"The Autonomous Engine Behind Remediation, and What Finally Makes It Safe",https://blog.qualys.com/product-tech/2026/09/17/the-autonomous-engine-behind-remediation-and-what-finally-makes-it-safe,Blog,Qualys Blog
2026-09-28,2026-09-16,pm,"Oracle Critical Security Patch Update, September 2026 Review",https://blog.qualys.com/vulnerabilities-threat-research/2026/09/16/oracle-critical-security-patch-update-september-2026-review,Blog,Qualys Blog
2026-09-28,2026-09-16,public,"Oracle Critical Security Patch Update, September 2026 Review",https://blog.qualys.com/vulnerabilities-threat-research/2026/09/16/oracle-critical-security-patch-update-september-2026-review,Research & Threat Intel,Qualys Blog
2026-09-28,2026-09-28,pm,Qualys TruRisk Eliminate 4.2 API Notification,https://notifications.qualys.com/api/2026/09/28/qualys-trurisk-eliminate-4-2-api-notification,API,Qualys Notifications
2026-09-28,2026-09-28,api,Qualys TruRisk Eliminate 4.2 API Notification,https://notifications.qualys.com/api/2026/09/28/qualys-trurisk-eliminate-4-2-api-notification,API Notifications,Qualys Notifications
2026-09-28,2026-09-24,cs,Normalization of Sensor Version Numbering in Qualys Container Security Release 1.46,https://notifications.qualys.com/notifications/2026/09/24/normalization-of-sensor-version-numbering-in-qualys-container-security-release-1-46,Release Notes,Qualys Notifications
2026-09-28,2026-09-23,csam,Qualys Enterprise TruRisk Platform (CyberSecurity Asset Management/Global AssetView Release 3.7.3.0) API Notification,https://notifications.qualys.com/api/2026/09/23/qualys-enterprise-trurisk-platform-cybersecurity-asset-management-global-assetview-release-3-7-3-0-api-notification,API,Qualys Notifications
2026-09-28,2026-09-23,api,Qualys Enterprise TruRisk Platform (CyberSecurity Asset Management/Global AssetView Release 3.7.3.0) API Notification,https://notifications.qualys.com/api/2026/09/23/qualys-enterprise-trurisk-platform-cybersecurity-asset-management-global-assetview-release-3-7-3-0-api-notification,API Notifications,Qualys Notifications
2026-09-28,2026-09-23,saasdr,Qualys SaaSDR 1.16.0 Release Updates,https://notifications.qualys.com/notifications/2026/09/23/qualys-saasdr-1-16-0-release-updates,Release Notes,Qualys Notifications
2026-09-28,2026-09-21,cloud-agent,Stop Guessing Whether Your Cloud Agents Are Healthy,https://notifications.qualys.com/notifications/2026/09/21/stop-guessing-whether-your-cloud-agents-are-healthy,Release Notes,Qualys Notifications
2026-09-28,2026-09-17,dashboards,Introducing Qualys Recommended Dashboards and Automated Dashboard Lifecycle Management,https://notifications.qualys.com/notifications/2026/09/17/introducing-qualys-recommended-dashboards-and-automated-dashboard-lifecycle-management,Release Notes,Qualys Notifications
2026-09-28,2026-09-17,etm,Introducing Qualys Recommended Dashboards and Automated Dashboard Lifecycle Management,https://notifications.qualys.com/notifications/2026/09/17/introducing-qualys-recommended-dashboards-and-automated-dashboard-lifecycle-management,Release Notes,Qualys Notifications
2026-09-28,2026-09-17,pm,Introducing Qualys Recommended Dashboards and Automated Dashboard Lifecycle Management,https://notifications.qualys.com/notifications/2026/09/17/introducing-qualys-recommended-dashboards-and-automated-dashboard-lifecycle-management,Release Notes,Qualys Notifications
2026-09-28,2026-09-28,threatprotect,Citrix NetScaler ADC and Gateway Zero-day Vulnerabilities Exploited in Attacks (CVE-2026-88771 & CVE-2026-88772),https://threatprotect.qualys.com/2026/09/28/citrix-netscaler-adc-and-gateway-zero-day-vulnerabilities-exploited-in-attacks-cve-2026-88771-cve-2026-88772/,ThreatPROTECT,ThreatPROTECT
2026-09-28,2026-09-24,threatprotect,CISA Warns of Check Point Vulnerabilities Exploited in Attacks (CVE-2026-85102 & CVE-2026-93616),https://threatprotect.qualys.com/2026/09/23/cisa-warns-of-check-point-vulnerabilities-exploited-in-attacks-cve-2026-85102-cve-2026-93616/,ThreatPROTECT,ThreatPROTECT
2026-09-28,2026-09-17,threatprotect,CISA Warns of Cisco Identity Services Engine Authentication Bypass Vulnerability (CVE-2026-76460),https://threatprotect.qualys.com/2026/09/17/cisa-warns-of-cisco-identity-services-engine-authentication-bypass-vulnerability-cve-2026-76460/,ThreatPROTECT,ThreatPROTECT
2026-09-28,2026-09-16,threatprotect,"Oracle Critical Security Patch Update, September 2026 Review",https://threatprotect.qualys.com/2026/09/16/oracle-critical-security-patch-update-september-2026-review/,ThreatPROTECT,ThreatPROTECT
2026-09-28,2026-09-15,threatprotect,Cisco Secure Email Gateway Vulnerability Exploited in Attacks (CVE-2026-76461),https://threatprotect.qualys.com/2026/09/15/cisco-secure-email-gateway-vulnerability-exploited-in-attacks-cve-2026-76461/,ThreatPROTECT,ThreatPROTECT
2026-10-03,2026-09-29,public,Autonomous Remediation Is Already Running at Enterprise Scale,https://blog.qualys.com/qualys-insights/2026/09/29/autonomous-remediation-enterprise-scale-black-hat-2026-sumedh-thakar,Qualys Resources,Qualys Blog
2026-10-03,2026-09-29,pm,Lessons from Microsoft Patch KB5002907: Two Layers of Patch Control in Qualys TruRisk Eliminate,https://blog.qualys.com/product-tech/2026/09/29/lessons-from-microsoft-patch-kb5002907-two-layers-of-patch-control-in-qualys-trurisk-eliminate,Blog,Qualys Blog
2026-10-03,2026-10-01,totalcloud,Qualys TotalCloud 2.28.0 Release Updates,https://notifications.qualys.com/notifications/2026/10/01/qualys-totalcloud-2-28-0-release-updates,Release Notes,Qualys Notifications
2026-10-03,2026-10-01,connectors,Qualys TotalCloud 2.28.0 Release Updates,https://notifications.qualys.com/notifications/2026/10/01/qualys-totalcloud-2-28-0-release-updates,Release Notes,Qualys Notifications
2026-10-03,2026-10-01,pc,"Policy Audit Library Updates, September 2026",https://notifications.qualys.com/notifications/2026/10/01/policy-audit-library-updates-september-2026,Release Notes,Qualys Notifications
2026-10-03,2026-09-30,cs,Release Notification: Deprecation of the “qcs-sensor” Helm Chart in Qualys Container Security,https://notifications.qualys.com/notifications/2026/09/30/release-notification-deprecation-of-the-qcs-sensor-helm-chart-in-qualys-container-security,Release Notes,Qualys Notifications
2026-10-03,2026-09-30,was,Application Security Detections Published in September 2026,https://notifications.qualys.com/notifications/2026/09/29/application-security-detections-published-in-september-2026,Release Notes,Qualys Notifications
2026-10-03,2026-09-30,totalappsec,Application Security Detections Published in September 2026,https://notifications.qualys.com/notifications/2026/09/29/application-security-detections-published-in-september-2026,Release Notes,Qualys Notifications
2026-10-03,2026-09-29,public,Customer Advisory: HTTP/3 Enablement Across Qualys SCP Platforms to Enhance Performance and Reliability,https://notifications.qualys.com/notifications/2026/09/29/customer-advisory-http-3-enablement-across-qualys-scp-platforms-to-enhance-performance-and-reliability,Platform & Status,Qualys Notifications
2026-10-03,2026-10-01,threatprotect,Cisco Catalyst SD-WAN Manager Authentication Bypass Vulnerability Exploited in Attacks (CVE-2026-76504),https://threatprotect.qualys.com/2026/09/30/cisco-catalyst-sd-wan-manager-authentication-bypass-vulnerability-exploited-in-attacks-cve-2026-76504/,ThreatPROTECT,ThreatPROTECT
2026-10-03,2026-09-29,threatprotect,Apple Warns Users iOS Vulnerability Exploited in Attack (CVE-2026-86950),https://threatprotect.qualys.com/2026/09/29/apple-warns-users-ios-vulnerability-exploited-in-attack-cve-2026-86950/,ThreatPROTECT,ThreatPROTECT
